final_train_loss,final_val_loss,test_mse,final_train_mae,final_val_mae,test_mae
0.0005919368931934947,0.00031323636323213577,0.00030705135,0.019222087633042107,0.014058261934916178,0.01393996
