final_train_loss,final_val_loss,test_mse,final_train_mae,final_val_mae,test_mae
9.880036007102934e-05,9.221921628341078e-05,9.0636524e-05,0.007342814658369337,0.007266898248593012,0.007230478
